Customer_ID,Customer_Name,Customer_Segment,Customer_Area,City,State
CUST10001,Customer 0001,SMB,HITEC City,Hyderabad,Telangana
CUST10002,Customer 0002,Enterprise,LB Nagar,Hyderabad,Telangana
CUST10003,Customer 0003,Enterprise,Attapur,Hyderabad,Telangana
CUST10004,Customer 0004,SMB,Mehdipatnam,Hyderabad,Telangana
CUST10005,Customer 0005,Consumer,LB Nagar,Hyderabad,Telangana
CUST10006,Customer 0006,Consumer,Jubilee Hills,Hyderabad,Telangana
CUST10007,Customer 0007,Consumer,Uppal,Hyderabad,Telangana
CUST10008,Customer 0008,SMB,Secunderabad,Hyderabad,Telangana
CUST10009,Customer 0009,Consumer,Kukatpally,Hyderabad,Telangana
CUST10010,Customer 0010,Consumer,Kompally,Hyderabad,Telangana
CUST10011,Customer 0011,Enterprise,Uppal,Hyderabad,Telangana
CUST10012,Customer 0012,Consumer,Begumpet,Hyderabad,Telangana
CUST10013,Customer 0013,Consumer,Banjara Hills,Hyderabad,Telangana
CUST10014,Customer 0014,Consumer,Ameerpet,Hyderabad,Telangana
CUST10015,Customer 0015,SMB,Uppal,Hyderabad,Telangana
CUST10016,Customer 0016,Consumer,HITEC City,Hyderabad,Telangana
CUST10017,Customer 0017,SMB,Kompally,Hyderabad,Telangana
CUST10018,Customer 0018,SMB,Kondapur,Hyderabad,Telangana
CUST10019,Customer 0019,Consumer,Kondapur,Hyderabad,Telangana
CUST10020,Customer 0020,Consumer,Madhapur,Hyderabad,Telangana
CUST10021,Customer 0021,Consumer,Uppal,Hyderabad,Telangana
CUST10022,Customer 0022,Consumer,Mehdipatnam,Hyderabad,Telangana
CUST10023,Customer 0023,Consumer,Jubilee Hills,Hyderabad,Telangana
CUST10024,Customer 0024,Consumer,Gachibowli,Hyderabad,Telangana
CUST10025,Customer 0025,Enterprise,Kukatpally,Hyderabad,Telangana
CUST10026,Customer 0026,Consumer,HITEC City,Hyderabad,Telangana
CUST10027,Customer 0027,Consumer,Madhapur,Hyderabad,Telangana
CUST10028,Customer 0028,SMB,HITEC City,Hyderabad,Telangana
CUST10029,Customer 0029,Consumer,Madhapur,Hyderabad,Telangana
CUST10030,Customer 0030,Enterprise,Secunderabad,Hyderabad,Telangana
CUST10031,Customer 0031,Consumer,Kondapur,Hyderabad,Telangana
CUST10032,Customer 0032,SMB,Miyapur,Hyderabad,Telangana
CUST10033,Customer 0033,SMB,Dilsukhnagar,Hyderabad,Telangana
CUST10034,Customer 0034,SMB,Secunderabad,Hyderabad,Telangana
CUST10035,Customer 0035,Consumer,HITEC City,Hyderabad,Telangana
CUST10036,Customer 0036,SMB,Kompally,Hyderabad,Telangana
CUST10037,Customer 0037,SMB,Kompally,Hyderabad,Telangana
CUST10038,Customer 0038,Consumer,Attapur,Hyderabad,Telangana
CUST10039,Customer 0039,Consumer,HITEC City,Hyderabad,Telangana
CUST10040,Customer 0040,Consumer,Kukatpally,Hyderabad,Telangana
CUST10041,Customer 0041,Consumer,Gachibowli,Hyderabad,Telangana
CUST10042,Customer 0042,Consumer,Madhapur,Hyderabad,Telangana
CUST10043,Customer 0043,SMB,Ameerpet,Hyderabad,Telangana
CUST10044,Customer 0044,SMB,Nallagandla,Hyderabad,Telangana
CUST10045,Customer 0045,SMB,Kukatpally,Hyderabad,Telangana
CUST10046,Customer 0046,SMB,Kompally,Hyderabad,Telangana
CUST10047,Customer 0047,Enterprise,Banjara Hills,Hyderabad,Telangana
CUST10048,Customer 0048,Consumer,Attapur,Hyderabad,Telangana
CUST10049,Customer 0049,Consumer,Begumpet,Hyderabad,Telangana
CUST10050,Customer 0050,SMB,Jubilee Hills,Hyderabad,Telangana
CUST10051,Customer 0051,Enterprise,Secunderabad,Hyderabad,Telangana
CUST10052,Customer 0052,Enterprise,Jubilee Hills,Hyderabad,Telangana
CUST10053,Customer 0053,SMB,Secunderabad,Hyderabad,Telangana
CUST10054,Customer 0054,Consumer,Banjara Hills,Hyderabad,Telangana
CUST10055,Customer 0055,Consumer,Ameerpet,Hyderabad,Telangana
CUST10056,Customer 0056,Consumer,Madhapur,Hyderabad,Telangana
CUST10057,Customer 0057,Consumer,Uppal,Hyderabad,Telangana
CUST10058,Customer 0058,Enterprise,Begumpet,Hyderabad,Telangana
CUST10059,Customer 0059,Consumer,Dilsukhnagar,Hyderabad,Telangana
CUST10060,Customer 0060,Consumer,Kondapur,Hyderabad,Telangana
CUST10061,Customer 0061,Consumer,Attapur,Hyderabad,Telangana
CUST10062,Customer 0062,Consumer,HITEC City,Hyderabad,Telangana
CUST10063,Customer 0063,Consumer,LB Nagar,Hyderabad,Telangana
CUST10064,Customer 0064,SMB,Ameerpet,Hyderabad,Telangana
CUST10065,Customer 0065,Consumer,Kukatpally,Hyderabad,Telangana
CUST10066,Customer 0066,Consumer,HITEC City,Hyderabad,Telangana
CUST10067,Customer 0067,Consumer,LB Nagar,Hyderabad,Telangana
CUST10068,Customer 0068,SMB,Banjara Hills,Hyderabad,Telangana
CUST10069,Customer 0069,Consumer,Begumpet,Hyderabad,Telangana
CUST10070,Customer 0070,Consumer,LB Nagar,Hyderabad,Telangana
CUST10071,Customer 0071,SMB,LB Nagar,Hyderabad,Telangana
CUST10072,Customer 0072,Consumer,Nallagandla,Hyderabad,Telangana
CUST10073,Customer 0073,Enterprise,Gachibowli,Hyderabad,Telangana
CUST10074,Customer 0074,Consumer,Secunderabad,Hyderabad,Telangana
CUST10075,Customer 0075,SMB,LB Nagar,Hyderabad,Telangana
CUST10076,Customer 0076,Enterprise,Secunderabad,Hyderabad,Telangana
CUST10077,Customer 0077,SMB,LB Nagar,Hyderabad,Telangana
CUST10078,Customer 0078,Consumer,Jubilee Hills,Hyderabad,Telangana
CUST10079,Customer 0079,Consumer,Madhapur,Hyderabad,Telangana
CUST10080,Customer 0080,Consumer,Uppal,Hyderabad,Telangana
CUST10081,Customer 0081,Consumer,Nallagandla,Hyderabad,Telangana
CUST10082,Customer 0082,Consumer,Dilsukhnagar,Hyderabad,Telangana
CUST10083,Customer 0083,Consumer,Begumpet,Hyderabad,Telangana
CUST10084,Customer 0084,Consumer,Dilsukhnagar,Hyderabad,Telangana
CUST10085,Customer 0085,Consumer,Gachibowli,Hyderabad,Telangana
CUST10086,Customer 0086,SMB,Mehdipatnam,Hyderabad,Telangana
CUST10087,Customer 0087,Consumer,Kompally,Hyderabad,Telangana
CUST10088,Customer 0088,Consumer,Uppal,Hyderabad,Telangana
CUST10089,Customer 0089,Consumer,Attapur,Hyderabad,Telangana
CUST10090,Customer 0090,SMB,LB Nagar,Hyderabad,Telangana
CUST10091,Customer 0091,SMB,LB Nagar,Hyderabad,Telangana
CUST10092,Customer 0092,Consumer,Attapur,Hyderabad,Telangana
CUST10093,Customer 0093,Consumer,Uppal,Hyderabad,Telangana
CUST10094,Customer 0094,Consumer,Begumpet,Hyderabad,Telangana
CUST10095,Customer 0095,SMB,HITEC City,Hyderabad,Telangana
CUST10096,Customer 0096,Enterprise,Begumpet,Hyderabad,Telangana
CUST10097,Customer 0097,Consumer,Mehdipatnam,Hyderabad,Telangana
CUST10098,Customer 0098,Consumer,Kompally,Hyderabad,Telangana
CUST10099,Customer 0099,Consumer,Manikonda,Hyderabad,Telangana
CUST10100,Customer 0100,SMB,Kompally,Hyderabad,Telangana
CUST10101,Customer 0101,Consumer,LB Nagar,Hyderabad,Telangana
CUST10102,Customer 0102,Consumer,Miyapur,Hyderabad,Telangana
CUST10103,Customer 0103,Consumer,Tarnaka,Hyderabad,Telangana
CUST10104,Customer 0104,Enterprise,Dilsukhnagar,Hyderabad,Telangana
CUST10105,Customer 0105,Enterprise,Madhapur,Hyderabad,Telangana
CUST10106,Customer 0106,Consumer,Ameerpet,Hyderabad,Telangana
CUST10107,Customer 0107,Consumer,Gachibowli,Hyderabad,Telangana
CUST10108,Customer 0108,Consumer,LB Nagar,Hyderabad,Telangana
CUST10109,Customer 0109,Consumer,Dilsukhnagar,Hyderabad,Telangana
CUST10110,Customer 0110,Consumer,Dilsukhnagar,Hyderabad,Telangana
CUST10111,Customer 0111,Consumer,Nallagandla,Hyderabad,Telangana
CUST10112,Customer 0112,Consumer,Tarnaka,Hyderabad,Telangana
CUST10113,Customer 0113,Consumer,Tarnaka,Hyderabad,Telangana
CUST10114,Customer 0114,Consumer,Madhapur,Hyderabad,Telangana
CUST10115,Customer 0115,Consumer,Manikonda,Hyderabad,Telangana
CUST10116,Customer 0116,SMB,Kompally,Hyderabad,Telangana
CUST10117,Customer 0117,Consumer,Dilsukhnagar,Hyderabad,Telangana
CUST10118,Customer 0118,Consumer,Miyapur,Hyderabad,Telangana
CUST10119,Customer 0119,Consumer,Jubilee Hills,Hyderabad,Telangana
CUST10120,Customer 0120,SMB,HITEC City,Hyderabad,Telangana
CUST10121,Customer 0121,Consumer,Begumpet,Hyderabad,Telangana
CUST10122,Customer 0122,Consumer,Ameerpet,Hyderabad,Telangana
CUST10123,Customer 0123,SMB,Kondapur,Hyderabad,Telangana
CUST10124,Customer 0124,Enterprise,Miyapur,Hyderabad,Telangana
CUST10125,Customer 0125,Consumer,Miyapur,Hyderabad,Telangana
CUST10126,Customer 0126,Consumer,HITEC City,Hyderabad,Telangana
CUST10127,Customer 0127,SMB,Madhapur,Hyderabad,Telangana
CUST10128,Customer 0128,Consumer,Attapur,Hyderabad,Telangana
CUST10129,Customer 0129,SMB,Gachibowli,Hyderabad,Telangana
CUST10130,Customer 0130,Consumer,Kompally,Hyderabad,Telangana
CUST10131,Customer 0131,Consumer,Secunderabad,Hyderabad,Telangana
CUST10132,Customer 0132,Enterprise,Manikonda,Hyderabad,Telangana
CUST10133,Customer 0133,Consumer,Ameerpet,Hyderabad,Telangana
CUST10134,Customer 0134,SMB,Mehdipatnam,Hyderabad,Telangana
CUST10135,Customer 0135,Consumer,Banjara Hills,Hyderabad,Telangana
CUST10136,Customer 0136,Consumer,LB Nagar,Hyderabad,Telangana
CUST10137,Customer 0137,SMB,Kondapur,Hyderabad,Telangana
CUST10138,Customer 0138,Consumer,LB Nagar,Hyderabad,Telangana
CUST10139,Customer 0139,SMB,Jubilee Hills,Hyderabad,Telangana
CUST10140,Customer 0140,Enterprise,Tarnaka,Hyderabad,Telangana
CUST10141,Customer 0141,Consumer,Kukatpally,Hyderabad,Telangana
CUST10142,Customer 0142,SMB,Manikonda,Hyderabad,Telangana
CUST10143,Customer 0143,Consumer,Secunderabad,Hyderabad,Telangana
CUST10144,Customer 0144,Consumer,Kukatpally,Hyderabad,Telangana
CUST10145,Customer 0145,Consumer,LB Nagar,Hyderabad,Telangana
CUST10146,Customer 0146,Consumer,Tarnaka,Hyderabad,Telangana
CUST10147,Customer 0147,Consumer,Manikonda,Hyderabad,Telangana
CUST10148,Customer 0148,SMB,Kondapur,Hyderabad,Telangana
CUST10149,Customer 0149,Consumer,Attapur,Hyderabad,Telangana
CUST10150,Customer 0150,Consumer,Kondapur,Hyderabad,Telangana
CUST10151,Customer 0151,Consumer,Mehdipatnam,Hyderabad,Telangana
CUST10152,Customer 0152,Consumer,Manikonda,Hyderabad,Telangana
CUST10153,Customer 0153,Consumer,Begumpet,Hyderabad,Telangana
CUST10154,Customer 0154,Consumer,Kondapur,Hyderabad,Telangana
CUST10155,Customer 0155,SMB,Ameerpet,Hyderabad,Telangana
CUST10156,Customer 0156,Consumer,Banjara Hills,Hyderabad,Telangana
CUST10157,Customer 0157,Consumer,Secunderabad,Hyderabad,Telangana
CUST10158,Customer 0158,Consumer,Madhapur,Hyderabad,Telangana
CUST10159,Customer 0159,Consumer,Mehdipatnam,Hyderabad,Telangana
CUST10160,Customer 0160,Consumer,Kondapur,Hyderabad,Telangana
CUST10161,Customer 0161,Consumer,Mehdipatnam,Hyderabad,Telangana
CUST10162,Customer 0162,Consumer,Kukatpally,Hyderabad,Telangana
CUST10163,Customer 0163,Consumer,Jubilee Hills,Hyderabad,Telangana
CUST10164,Customer 0164,Consumer,Tarnaka,Hyderabad,Telangana
CUST10165,Customer 0165,SMB,Kondapur,Hyderabad,Telangana
CUST10166,Customer 0166,SMB,Madhapur,Hyderabad,Telangana
CUST10167,Customer 0167,Consumer,Miyapur,Hyderabad,Telangana
CUST10168,Customer 0168,Enterprise,Kompally,Hyderabad,Telangana
CUST10169,Customer 0169,Consumer,LB Nagar,Hyderabad,Telangana
CUST10170,Customer 0170,SMB,Uppal,Hyderabad,Telangana
CUST10171,Customer 0171,Consumer,Madhapur,Hyderabad,Telangana
CUST10172,Customer 0172,Consumer,Nallagandla,Hyderabad,Telangana
CUST10173,Customer 0173,SMB,Kompally,Hyderabad,Telangana
CUST10174,Customer 0174,SMB,LB Nagar,Hyderabad,Telangana
CUST10175,Customer 0175,Consumer,Gachibowli,Hyderabad,Telangana
CUST10176,Customer 0176,Consumer,Miyapur,Hyderabad,Telangana
CUST10177,Customer 0177,Consumer,Ameerpet,Hyderabad,Telangana
CUST10178,Customer 0178,Consumer,Madhapur,Hyderabad,Telangana
CUST10179,Customer 0179,Consumer,Miyapur,Hyderabad,Telangana
CUST10180,Customer 0180,Consumer,Miyapur,Hyderabad,Telangana
CUST10181,Customer 0181,Consumer,Ameerpet,Hyderabad,Telangana
CUST10182,Customer 0182,SMB,Kondapur,Hyderabad,Telangana
CUST10183,Customer 0183,Consumer,Kukatpally,Hyderabad,Telangana
CUST10184,Customer 0184,Enterprise,Madhapur,Hyderabad,Telangana
CUST10185,Customer 0185,Consumer,Dilsukhnagar,Hyderabad,Telangana
CUST10186,Customer 0186,SMB,Kondapur,Hyderabad,Telangana
CUST10187,Customer 0187,Consumer,Secunderabad,Hyderabad,Telangana
CUST10188,Customer 0188,Consumer,Kondapur,Hyderabad,Telangana
CUST10189,Customer 0189,Consumer,Begumpet,Hyderabad,Telangana
CUST10190,Customer 0190,Consumer,Kukatpally,Hyderabad,Telangana
CUST10191,Customer 0191,SMB,HITEC City,Hyderabad,Telangana
CUST10192,Customer 0192,SMB,Ameerpet,Hyderabad,Telangana
CUST10193,Customer 0193,SMB,Nallagandla,Hyderabad,Telangana
CUST10194,Customer 0194,Consumer,Gachibowli,Hyderabad,Telangana
CUST10195,Customer 0195,Consumer,Banjara Hills,Hyderabad,Telangana
CUST10196,Customer 0196,SMB,Begumpet,Hyderabad,Telangana
CUST10197,Customer 0197,Consumer,Kompally,Hyderabad,Telangana
CUST10198,Customer 0198,SMB,HITEC City,Hyderabad,Telangana
CUST10199,Customer 0199,Consumer,LB Nagar,Hyderabad,Telangana
CUST10200,Customer 0200,Consumer,Banjara Hills,Hyderabad,Telangana
CUST10201,Customer 0201,SMB,Ameerpet,Hyderabad,Telangana
CUST10202,Customer 0202,Consumer,Banjara Hills,Hyderabad,Telangana
CUST10203,Customer 0203,SMB,Kondapur,Hyderabad,Telangana
CUST10204,Customer 0204,Consumer,Jubilee Hills,Hyderabad,Telangana
CUST10205,Customer 0205,Consumer,Banjara Hills,Hyderabad,Telangana
CUST10206,Customer 0206,Consumer,Attapur,Hyderabad,Telangana
CUST10207,Customer 0207,Enterprise,Gachibowli,Hyderabad,Telangana
CUST10208,Customer 0208,Enterprise,Nallagandla,Hyderabad,Telangana
CUST10209,Customer 0209,Consumer,Manikonda,Hyderabad,Telangana
CUST10210,Customer 0210,Consumer,Mehdipatnam,Hyderabad,Telangana
CUST10211,Customer 0211,Consumer,LB Nagar,Hyderabad,Telangana
CUST10212,Customer 0212,SMB,Secunderabad,Hyderabad,Telangana
CUST10213,Customer 0213,Consumer,Secunderabad,Hyderabad,Telangana
CUST10214,Customer 0214,Enterprise,Secunderabad,Hyderabad,Telangana
CUST10215,Customer 0215,Consumer,Mehdipatnam,Hyderabad,Telangana
CUST10216,Customer 0216,Consumer,Nallagandla,Hyderabad,Telangana
CUST10217,Customer 0217,Enterprise,Kukatpally,Hyderabad,Telangana
CUST10218,Customer 0218,Enterprise,Dilsukhnagar,Hyderabad,Telangana
CUST10219,Customer 0219,Consumer,Kondapur,Hyderabad,Telangana
CUST10220,Customer 0220,Consumer,Mehdipatnam,Hyderabad,Telangana
CUST10221,Customer 0221,Consumer,Uppal,Hyderabad,Telangana
CUST10222,Customer 0222,Consumer,HITEC City,Hyderabad,Telangana
CUST10223,Customer 0223,Consumer,Attapur,Hyderabad,Telangana
CUST10224,Customer 0224,SMB,Begumpet,Hyderabad,Telangana
CUST10225,Customer 0225,Consumer,Banjara Hills,Hyderabad,Telangana
CUST10226,Customer 0226,SMB,HITEC City,Hyderabad,Telangana
CUST10227,Customer 0227,Consumer,Tarnaka,Hyderabad,Telangana
CUST10228,Customer 0228,SMB,Begumpet,Hyderabad,Telangana
CUST10229,Customer 0229,SMB,Mehdipatnam,Hyderabad,Telangana
CUST10230,Customer 0230,Consumer,Tarnaka,Hyderabad,Telangana
CUST10231,Customer 0231,Consumer,HITEC City,Hyderabad,Telangana
CUST10232,Customer 0232,SMB,HITEC City,Hyderabad,Telangana
CUST10233,Customer 0233,Enterprise,Kukatpally,Hyderabad,Telangana
CUST10234,Customer 0234,Consumer,Jubilee Hills,Hyderabad,Telangana
CUST10235,Customer 0235,Consumer,Madhapur,Hyderabad,Telangana
CUST10236,Customer 0236,Consumer,Kompally,Hyderabad,Telangana
CUST10237,Customer 0237,Enterprise,LB Nagar,Hyderabad,Telangana
CUST10238,Customer 0238,Consumer,Tarnaka,Hyderabad,Telangana
CUST10239,Customer 0239,Consumer,Secunderabad,Hyderabad,Telangana
CUST10240,Customer 0240,Consumer,Uppal,Hyderabad,Telangana
CUST10241,Customer 0241,Consumer,Dilsukhnagar,Hyderabad,Telangana
CUST10242,Customer 0242,SMB,Attapur,Hyderabad,Telangana
CUST10243,Customer 0243,Consumer,Secunderabad,Hyderabad,Telangana
CUST10244,Customer 0244,Consumer,Kondapur,Hyderabad,Telangana
CUST10245,Customer 0245,SMB,Uppal,Hyderabad,Telangana
CUST10246,Customer 0246,Consumer,Tarnaka,Hyderabad,Telangana
CUST10247,Customer 0247,Consumer,HITEC City,Hyderabad,Telangana
CUST10248,Customer 0248,Consumer,Dilsukhnagar,Hyderabad,Telangana
CUST10249,Customer 0249,Consumer,Mehdipatnam,Hyderabad,Telangana
CUST10250,Customer 0250,Consumer,Nallagandla,Hyderabad,Telangana
CUST10251,Customer 0251,Consumer,Miyapur,Hyderabad,Telangana
CUST10252,Customer 0252,Consumer,Tarnaka,Hyderabad,Telangana
CUST10253,Customer 0253,SMB,Ameerpet,Hyderabad,Telangana
CUST10254,Customer 0254,Consumer,Jubilee Hills,Hyderabad,Telangana
CUST10255,Customer 0255,SMB,Jubilee Hills,Hyderabad,Telangana
CUST10256,Customer 0256,SMB,Secunderabad,Hyderabad,Telangana
CUST10257,Customer 0257,Consumer,Secunderabad,Hyderabad,Telangana
CUST10258,Customer 0258,Consumer,LB Nagar,Hyderabad,Telangana
CUST10259,Customer 0259,Consumer,Ameerpet,Hyderabad,Telangana
CUST10260,Customer 0260,Consumer,Secunderabad,Hyderabad,Telangana
CUST10261,Customer 0261,Consumer,Kondapur,Hyderabad,Telangana
CUST10262,Customer 0262,Consumer,Kondapur,Hyderabad,Telangana
CUST10263,Customer 0263,Enterprise,Gachibowli,Hyderabad,Telangana
CUST10264,Customer 0264,SMB,Dilsukhnagar,Hyderabad,Telangana
CUST10265,Customer 0265,SMB,HITEC City,Hyderabad,Telangana
CUST10266,Customer 0266,Consumer,Gachibowli,Hyderabad,Telangana
CUST10267,Customer 0267,SMB,HITEC City,Hyderabad,Telangana
CUST10268,Customer 0268,Consumer,Banjara Hills,Hyderabad,Telangana
CUST10269,Customer 0269,Consumer,Madhapur,Hyderabad,Telangana
CUST10270,Customer 0270,Consumer,Kondapur,Hyderabad,Telangana
CUST10271,Customer 0271,Consumer,Attapur,Hyderabad,Telangana
CUST10272,Customer 0272,Consumer,Uppal,Hyderabad,Telangana
CUST10273,Customer 0273,Consumer,Begumpet,Hyderabad,Telangana
CUST10274,Customer 0274,Consumer,Gachibowli,Hyderabad,Telangana
CUST10275,Customer 0275,Consumer,Gachibowli,Hyderabad,Telangana
CUST10276,Customer 0276,SMB,Dilsukhnagar,Hyderabad,Telangana
CUST10277,Customer 0277,Consumer,Secunderabad,Hyderabad,Telangana
CUST10278,Customer 0278,SMB,Mehdipatnam,Hyderabad,Telangana
CUST10279,Customer 0279,SMB,Begumpet,Hyderabad,Telangana
CUST10280,Customer 0280,SMB,Kukatpally,Hyderabad,Telangana
CUST10281,Customer 0281,SMB,Attapur,Hyderabad,Telangana
CUST10282,Customer 0282,Consumer,Attapur,Hyderabad,Telangana
CUST10283,Customer 0283,Consumer,Kompally,Hyderabad,Telangana
CUST10284,Customer 0284,SMB,Kondapur,Hyderabad,Telangana
CUST10285,Customer 0285,SMB,Jubilee Hills,Hyderabad,Telangana
CUST10286,Customer 0286,Consumer,Mehdipatnam,Hyderabad,Telangana
CUST10287,Customer 0287,Consumer,Mehdipatnam,Hyderabad,Telangana
CUST10288,Customer 0288,Consumer,Attapur,Hyderabad,Telangana
CUST10289,Customer 0289,Consumer,Dilsukhnagar,Hyderabad,Telangana
CUST10290,Customer 0290,Consumer,Secunderabad,Hyderabad,Telangana
CUST10291,Customer 0291,Consumer,Banjara Hills,Hyderabad,Telangana
CUST10292,Customer 0292,Consumer,Begumpet,Hyderabad,Telangana
CUST10293,Customer 0293,Consumer,LB Nagar,Hyderabad,Telangana
CUST10294,Customer 0294,Consumer,Madhapur,Hyderabad,Telangana
CUST10295,Customer 0295,Consumer,Nallagandla,Hyderabad,Telangana
CUST10296,Customer 0296,Consumer,Kukatpally,Hyderabad,Telangana
CUST10297,Customer 0297,Consumer,Miyapur,Hyderabad,Telangana
CUST10298,Customer 0298,Enterprise,Tarnaka,Hyderabad,Telangana
CUST10299,Customer 0299,Consumer,Dilsukhnagar,Hyderabad,Telangana
CUST10300,Customer 0300,Consumer,Nallagandla,Hyderabad,Telangana
CUST10301,Customer 0301,Consumer,Kukatpally,Hyderabad,Telangana
CUST10302,Customer 0302,SMB,LB Nagar,Hyderabad,Telangana
CUST10303,Customer 0303,Enterprise,LB Nagar,Hyderabad,Telangana
CUST10304,Customer 0304,Enterprise,Kompally,Hyderabad,Telangana
CUST10305,Customer 0305,Consumer,Madhapur,Hyderabad,Telangana
CUST10306,Customer 0306,Consumer,Dilsukhnagar,Hyderabad,Telangana
CUST10307,Customer 0307,Consumer,Jubilee Hills,Hyderabad,Telangana
CUST10308,Customer 0308,SMB,Kompally,Hyderabad,Telangana
CUST10309,Customer 0309,Enterprise,Nallagandla,Hyderabad,Telangana
CUST10310,Customer 0310,Enterprise,Tarnaka,Hyderabad,Telangana
CUST10311,Customer 0311,SMB,Manikonda,Hyderabad,Telangana
CUST10312,Customer 0312,SMB,Ameerpet,Hyderabad,Telangana
CUST10313,Customer 0313,SMB,LB Nagar,Hyderabad,Telangana
CUST10314,Customer 0314,SMB,Kukatpally,Hyderabad,Telangana
CUST10315,Customer 0315,Consumer,Madhapur,Hyderabad,Telangana
CUST10316,Customer 0316,Consumer,HITEC City,Hyderabad,Telangana
CUST10317,Customer 0317,Enterprise,Tarnaka,Hyderabad,Telangana
CUST10318,Customer 0318,Consumer,Kompally,Hyderabad,Telangana
CUST10319,Customer 0319,Consumer,Uppal,Hyderabad,Telangana
CUST10320,Customer 0320,SMB,Kompally,Hyderabad,Telangana
CUST10321,Customer 0321,Consumer,Attapur,Hyderabad,Telangana
CUST10322,Customer 0322,Consumer,Attapur,Hyderabad,Telangana
CUST10323,Customer 0323,Consumer,Attapur,Hyderabad,Telangana
CUST10324,Customer 0324,Consumer,Kompally,Hyderabad,Telangana
CUST10325,Customer 0325,Consumer,Dilsukhnagar,Hyderabad,Telangana
CUST10326,Customer 0326,Consumer,Miyapur,Hyderabad,Telangana
CUST10327,Customer 0327,Consumer,Tarnaka,Hyderabad,Telangana
CUST10328,Customer 0328,SMB,Miyapur,Hyderabad,Telangana
CUST10329,Customer 0329,Consumer,Mehdipatnam,Hyderabad,Telangana
CUST10330,Customer 0330,Consumer,Jubilee Hills,Hyderabad,Telangana
CUST10331,Customer 0331,Consumer,Miyapur,Hyderabad,Telangana
CUST10332,Customer 0332,Consumer,Secunderabad,Hyderabad,Telangana
CUST10333,Customer 0333,Consumer,Kompally,Hyderabad,Telangana
CUST10334,Customer 0334,Consumer,Attapur,Hyderabad,Telangana
CUST10335,Customer 0335,Consumer,Tarnaka,Hyderabad,Telangana
CUST10336,Customer 0336,SMB,Jubilee Hills,Hyderabad,Telangana
CUST10337,Customer 0337,Enterprise,Begumpet,Hyderabad,Telangana
CUST10338,Customer 0338,Enterprise,Uppal,Hyderabad,Telangana
CUST10339,Customer 0339,SMB,Tarnaka,Hyderabad,Telangana
CUST10340,Customer 0340,Consumer,Uppal,Hyderabad,Telangana
CUST10341,Customer 0341,Consumer,HITEC City,Hyderabad,Telangana
CUST10342,Customer 0342,Consumer,Ameerpet,Hyderabad,Telangana
CUST10343,Customer 0343,Enterprise,LB Nagar,Hyderabad,Telangana
CUST10344,Customer 0344,Consumer,Gachibowli,Hyderabad,Telangana
CUST10345,Customer 0345,SMB,Banjara Hills,Hyderabad,Telangana
CUST10346,Customer 0346,Consumer,Manikonda,Hyderabad,Telangana
CUST10347,Customer 0347,SMB,Manikonda,Hyderabad,Telangana
CUST10348,Customer 0348,SMB,Nallagandla,Hyderabad,Telangana
CUST10349,Customer 0349,Consumer,LB Nagar,Hyderabad,Telangana
CUST10350,Customer 0350,Consumer,Dilsukhnagar,Hyderabad,Telangana
CUST10351,Customer 0351,SMB,Kondapur,Hyderabad,Telangana
CUST10352,Customer 0352,Consumer,Manikonda,Hyderabad,Telangana
CUST10353,Customer 0353,Enterprise,HITEC City,Hyderabad,Telangana
CUST10354,Customer 0354,SMB,Gachibowli,Hyderabad,Telangana
CUST10355,Customer 0355,Enterprise,Gachibowli,Hyderabad,Telangana
CUST10356,Customer 0356,Consumer,Kukatpally,Hyderabad,Telangana
CUST10357,Customer 0357,SMB,Madhapur,Hyderabad,Telangana
CUST10358,Customer 0358,Consumer,Kompally,Hyderabad,Telangana
CUST10359,Customer 0359,Enterprise,Kondapur,Hyderabad,Telangana
CUST10360,Customer 0360,Consumer,Tarnaka,Hyderabad,Telangana
CUST10361,Customer 0361,SMB,Kompally,Hyderabad,Telangana
CUST10362,Customer 0362,SMB,Tarnaka,Hyderabad,Telangana
CUST10363,Customer 0363,Consumer,Begumpet,Hyderabad,Telangana
CUST10364,Customer 0364,Consumer,Ameerpet,Hyderabad,Telangana
CUST10365,Customer 0365,Consumer,Ameerpet,Hyderabad,Telangana
CUST10366,Customer 0366,SMB,Uppal,Hyderabad,Telangana
CUST10367,Customer 0367,Consumer,Nallagandla,Hyderabad,Telangana
CUST10368,Customer 0368,Consumer,Kondapur,Hyderabad,Telangana
CUST10369,Customer 0369,Enterprise,Begumpet,Hyderabad,Telangana
CUST10370,Customer 0370,Consumer,Uppal,Hyderabad,Telangana
CUST10371,Customer 0371,Consumer,Banjara Hills,Hyderabad,Telangana
CUST10372,Customer 0372,Consumer,Tarnaka,Hyderabad,Telangana
CUST10373,Customer 0373,SMB,Uppal,Hyderabad,Telangana
CUST10374,Customer 0374,Consumer,Begumpet,Hyderabad,Telangana
CUST10375,Customer 0375,Enterprise,LB Nagar,Hyderabad,Telangana
CUST10376,Customer 0376,Consumer,Mehdipatnam,Hyderabad,Telangana
CUST10377,Customer 0377,Consumer,Kompally,Hyderabad,Telangana
CUST10378,Customer 0378,Enterprise,LB Nagar,Hyderabad,Telangana
CUST10379,Customer 0379,Consumer,Kompally,Hyderabad,Telangana
CUST10380,Customer 0380,SMB,Jubilee Hills,Hyderabad,Telangana
CUST10381,Customer 0381,Consumer,Nallagandla,Hyderabad,Telangana
CUST10382,Customer 0382,Consumer,Mehdipatnam,Hyderabad,Telangana
CUST10383,Customer 0383,Consumer,Ameerpet,Hyderabad,Telangana
CUST10384,Customer 0384,Consumer,Jubilee Hills,Hyderabad,Telangana
CUST10385,Customer 0385,Consumer,Nallagandla,Hyderabad,Telangana
CUST10386,Customer 0386,Consumer,Tarnaka,Hyderabad,Telangana
CUST10387,Customer 0387,Consumer,Jubilee Hills,Hyderabad,Telangana
CUST10388,Customer 0388,Consumer,Jubilee Hills,Hyderabad,Telangana
CUST10389,Customer 0389,Enterprise,Banjara Hills,Hyderabad,Telangana
CUST10390,Customer 0390,Enterprise,Nallagandla,Hyderabad,Telangana
CUST10391,Customer 0391,Consumer,Nallagandla,Hyderabad,Telangana
CUST10392,Customer 0392,Consumer,Dilsukhnagar,Hyderabad,Telangana
CUST10393,Customer 0393,Consumer,Kondapur,Hyderabad,Telangana
CUST10394,Customer 0394,Consumer,Dilsukhnagar,Hyderabad,Telangana
CUST10395,Customer 0395,Consumer,Banjara Hills,Hyderabad,Telangana
CUST10396,Customer 0396,Consumer,Tarnaka,Hyderabad,Telangana
CUST10397,Customer 0397,Consumer,Gachibowli,Hyderabad,Telangana
CUST10398,Customer 0398,Consumer,Madhapur,Hyderabad,Telangana
CUST10399,Customer 0399,SMB,Attapur,Hyderabad,Telangana
CUST10400,Customer 0400,SMB,Gachibowli,Hyderabad,Telangana
CUST10401,Customer 0401,SMB,Manikonda,Hyderabad,Telangana
CUST10402,Customer 0402,Consumer,Kukatpally,Hyderabad,Telangana
CUST10403,Customer 0403,Consumer,Nallagandla,Hyderabad,Telangana
CUST10404,Customer 0404,Consumer,Tarnaka,Hyderabad,Telangana
CUST10405,Customer 0405,Consumer,Kondapur,Hyderabad,Telangana
CUST10406,Customer 0406,Consumer,Attapur,Hyderabad,Telangana
CUST10407,Customer 0407,Consumer,Kondapur,Hyderabad,Telangana
CUST10408,Customer 0408,Consumer,Mehdipatnam,Hyderabad,Telangana
CUST10409,Customer 0409,SMB,Miyapur,Hyderabad,Telangana
CUST10410,Customer 0410,SMB,Kondapur,Hyderabad,Telangana
CUST10411,Customer 0411,Enterprise,Nallagandla,Hyderabad,Telangana
CUST10412,Customer 0412,Consumer,Banjara Hills,Hyderabad,Telangana
CUST10413,Customer 0413,SMB,Kondapur,Hyderabad,Telangana
CUST10414,Customer 0414,SMB,Kompally,Hyderabad,Telangana
CUST10415,Customer 0415,Consumer,Ameerpet,Hyderabad,Telangana
CUST10416,Customer 0416,SMB,Madhapur,Hyderabad,Telangana
CUST10417,Customer 0417,Consumer,Gachibowli,Hyderabad,Telangana
CUST10418,Customer 0418,Enterprise,Nallagandla,Hyderabad,Telangana
CUST10419,Customer 0419,Consumer,Jubilee Hills,Hyderabad,Telangana
CUST10420,Customer 0420,SMB,Jubilee Hills,Hyderabad,Telangana
CUST10421,Customer 0421,Consumer,Ameerpet,Hyderabad,Telangana
CUST10422,Customer 0422,Consumer,Secunderabad,Hyderabad,Telangana
CUST10423,Customer 0423,SMB,Tarnaka,Hyderabad,Telangana
CUST10424,Customer 0424,Consumer,Jubilee Hills,Hyderabad,Telangana
CUST10425,Customer 0425,Consumer,Tarnaka,Hyderabad,Telangana
CUST10426,Customer 0426,SMB,Uppal,Hyderabad,Telangana
CUST10427,Customer 0427,Enterprise,Tarnaka,Hyderabad,Telangana
CUST10428,Customer 0428,Consumer,Mehdipatnam,Hyderabad,Telangana
CUST10429,Customer 0429,Enterprise,Miyapur,Hyderabad,Telangana
CUST10430,Customer 0430,Consumer,Ameerpet,Hyderabad,Telangana
CUST10431,Customer 0431,Consumer,Banjara Hills,Hyderabad,Telangana
CUST10432,Customer 0432,Enterprise,Manikonda,Hyderabad,Telangana
CUST10433,Customer 0433,Consumer,Manikonda,Hyderabad,Telangana
CUST10434,Customer 0434,Consumer,Jubilee Hills,Hyderabad,Telangana
CUST10435,Customer 0435,Consumer,Begumpet,Hyderabad,Telangana
CUST10436,Customer 0436,SMB,Jubilee Hills,Hyderabad,Telangana
CUST10437,Customer 0437,Consumer,Kondapur,Hyderabad,Telangana
CUST10438,Customer 0438,SMB,Kompally,Hyderabad,Telangana
CUST10439,Customer 0439,Consumer,Uppal,Hyderabad,Telangana
CUST10440,Customer 0440,Consumer,Gachibowli,Hyderabad,Telangana
CUST10441,Customer 0441,Consumer,Kukatpally,Hyderabad,Telangana
CUST10442,Customer 0442,SMB,Gachibowli,Hyderabad,Telangana
CUST10443,Customer 0443,Consumer,HITEC City,Hyderabad,Telangana
CUST10444,Customer 0444,Consumer,Banjara Hills,Hyderabad,Telangana
CUST10445,Customer 0445,Consumer,Secunderabad,Hyderabad,Telangana
CUST10446,Customer 0446,Consumer,Gachibowli,Hyderabad,Telangana
CUST10447,Customer 0447,Consumer,Mehdipatnam,Hyderabad,Telangana
CUST10448,Customer 0448,SMB,Ameerpet,Hyderabad,Telangana
CUST10449,Customer 0449,Enterprise,HITEC City,Hyderabad,Telangana
CUST10450,Customer 0450,Consumer,LB Nagar,Hyderabad,Telangana
CUST10451,Customer 0451,Consumer,Kompally,Hyderabad,Telangana
CUST10452,Customer 0452,Consumer,HITEC City,Hyderabad,Telangana
CUST10453,Customer 0453,Consumer,Kondapur,Hyderabad,Telangana
CUST10454,Customer 0454,Consumer,Madhapur,Hyderabad,Telangana
CUST10455,Customer 0455,Consumer,Attapur,Hyderabad,Telangana
CUST10456,Customer 0456,Enterprise,Kondapur,Hyderabad,Telangana
CUST10457,Customer 0457,Consumer,Ameerpet,Hyderabad,Telangana
CUST10458,Customer 0458,SMB,Uppal,Hyderabad,Telangana
CUST10459,Customer 0459,SMB,Tarnaka,Hyderabad,Telangana
CUST10460,Customer 0460,Consumer,Kukatpally,Hyderabad,Telangana
CUST10461,Customer 0461,Consumer,LB Nagar,Hyderabad,Telangana
CUST10462,Customer 0462,Consumer,Nallagandla,Hyderabad,Telangana
CUST10463,Customer 0463,Consumer,Dilsukhnagar,Hyderabad,Telangana
CUST10464,Customer 0464,Consumer,Miyapur,Hyderabad,Telangana
CUST10465,Customer 0465,Consumer,Manikonda,Hyderabad,Telangana
CUST10466,Customer 0466,Enterprise,Banjara Hills,Hyderabad,Telangana
CUST10467,Customer 0467,Consumer,Secunderabad,Hyderabad,Telangana
CUST10468,Customer 0468,Consumer,Kompally,Hyderabad,Telangana
CUST10469,Customer 0469,Consumer,LB Nagar,Hyderabad,Telangana
CUST10470,Customer 0470,Consumer,Secunderabad,Hyderabad,Telangana
CUST10471,Customer 0471,Consumer,Dilsukhnagar,Hyderabad,Telangana
CUST10472,Customer 0472,Consumer,Jubilee Hills,Hyderabad,Telangana
CUST10473,Customer 0473,Consumer,Kukatpally,Hyderabad,Telangana
CUST10474,Customer 0474,Consumer,LB Nagar,Hyderabad,Telangana
CUST10475,Customer 0475,Consumer,Banjara Hills,Hyderabad,Telangana
CUST10476,Customer 0476,Enterprise,Banjara Hills,Hyderabad,Telangana
CUST10477,Customer 0477,Consumer,Kondapur,Hyderabad,Telangana
CUST10478,Customer 0478,Consumer,Kondapur,Hyderabad,Telangana
CUST10479,Customer 0479,Enterprise,Nallagandla,Hyderabad,Telangana
CUST10480,Customer 0480,Consumer,Kondapur,Hyderabad,Telangana
CUST10481,Customer 0481,Consumer,Begumpet,Hyderabad,Telangana
CUST10482,Customer 0482,Consumer,Secunderabad,Hyderabad,Telangana
CUST10483,Customer 0483,Consumer,Tarnaka,Hyderabad,Telangana
CUST10484,Customer 0484,Enterprise,HITEC City,Hyderabad,Telangana
CUST10485,Customer 0485,SMB,Attapur,Hyderabad,Telangana
CUST10486,Customer 0486,Consumer,Begumpet,Hyderabad,Telangana
CUST10487,Customer 0487,SMB,Miyapur,Hyderabad,Telangana
CUST10488,Customer 0488,Consumer,Manikonda,Hyderabad,Telangana
CUST10489,Customer 0489,Consumer,Ameerpet,Hyderabad,Telangana
CUST10490,Customer 0490,Consumer,Kondapur,Hyderabad,Telangana
CUST10491,Customer 0491,Consumer,Madhapur,Hyderabad,Telangana
CUST10492,Customer 0492,Consumer,LB Nagar,Hyderabad,Telangana
CUST10493,Customer 0493,SMB,Ameerpet,Hyderabad,Telangana
CUST10494,Customer 0494,Consumer,Ameerpet,Hyderabad,Telangana
CUST10495,Customer 0495,Consumer,Miyapur,Hyderabad,Telangana
CUST10496,Customer 0496,Consumer,Kukatpally,Hyderabad,Telangana
CUST10497,Customer 0497,SMB,HITEC City,Hyderabad,Telangana
CUST10498,Customer 0498,Consumer,Gachibowli,Hyderabad,Telangana
CUST10499,Customer 0499,Consumer,Secunderabad,Hyderabad,Telangana
CUST10500,Customer 0500,SMB,Miyapur,Hyderabad,Telangana
