City,State,Area,Zone
Hyderabad,Telangana,Madhapur,West Hyderabad
Hyderabad,Telangana,HITEC City,West Hyderabad
Hyderabad,Telangana,Gachibowli,West Hyderabad
Hyderabad,Telangana,Kondapur,West Hyderabad
Hyderabad,Telangana,Kukatpally,North-West Hyderabad
Hyderabad,Telangana,Miyapur,North-West Hyderabad
Hyderabad,Telangana,Banjara Hills,Central Hyderabad
Hyderabad,Telangana,Jubilee Hills,Central Hyderabad
Hyderabad,Telangana,Ameerpet,Central Hyderabad
Hyderabad,Telangana,Begumpet,Central Hyderabad
Hyderabad,Telangana,Manikonda,West Hyderabad
Hyderabad,Telangana,Nallagandla,West Hyderabad
Hyderabad,Telangana,Mehdipatnam,South Hyderabad
Hyderabad,Telangana,LB Nagar,East Hyderabad
Hyderabad,Telangana,Dilsukhnagar,East Hyderabad
Hyderabad,Telangana,Uppal,East Hyderabad
Hyderabad,Telangana,Secunderabad,North Hyderabad
Hyderabad,Telangana,Kompally,North Hyderabad
Hyderabad,Telangana,Tarnaka,East Hyderabad
Hyderabad,Telangana,Attapur,South Hyderabad
